Project_Name,Start_Time,Stop_Time,Time_Spent(hours),Amount_Earned($)
Project1,Fri Jul 31 21:00:12 2020,Fri Jul 31 21:00:14 2020,0.0005537470844056871,0.0027687354220284357
Project2,Fri Jul 31 21:00:41 2020,Fri Jul 31 21:00:43 2020,0.0005466798279020521,0.0027333991395102606
Project4,Fri Jul 31 21:05:25 2020,Fri Jul 31 21:05:27 2020,0.0005000731680128309,0.0025003658400641546
Project5,Sat Aug  1 05:53:23 2020,Sat Aug  1 05:53:27 2020,0.0010367588864432441,0.0051837944322162205
Project6,Sat Aug  1 06:25:24 2020,Sat Aug  1 06:25:26 2020,0.0006350108649995592,0.0031750543249977957
Project7,Sat Aug  1 06:28:53 2020,Sat Aug  1 06:30:09 2020,0.02113710403442383,0.10568552017211914
Project8,Sat Aug  1 06:33:20 2020,Sat Aug  1 06:38:41 2020,0.08921017739507887,0.44605088697539436
