Project_Name,Start_Time,Stop_Time,Time_Spent(hours),Amount_Earned($)
Project1,Fri Jul 31 21:00:12 2020,Fri Jul 31 21:00:14 2020,0.0005537470844056871,0.0027687354220284357
Project2,Fri Jul 31 21:00:41 2020,Fri Jul 31 21:00:43 2020,0.0005466798279020521,0.0027333991395102606
Project4,Fri Jul 31 21:05:25 2020,Fri Jul 31 21:05:27 2020,0.0005000731680128309,0.0025003658400641546
